Title;Artist
Because The Night;10,000 Maniacs
Oh La La La;2 Evisa
California Love;2 Pac
Changes;2 Pac
Until The End Of Time;2 Pac
Short Dick Man [SC Karaoke];20 Fingers
Here Without You;3 Doors Down
Caught Up In You [SC Karaoke];38 Special
Hold On Loosely [SC Karaoke];38 Special
What's Up [SC Karaoke];4 Non Blondes
Candy Shop;50 Cent
In Da Club;50 Cent
Dancing Queen;ABBA
Mamma Mia;ABBA
Dancing Queen [SC Karaoke];ABBA
Mamma Mia [SC Karaoke];ABBA
Back In Black;AC/DC
Highway To Hell;AC/DC
Jailbreak;AC/DC
Rock 'n' Roll Train;AC/DC
T.N.T;AC/DC
Thunderstruck;AC/DC
You Shook Me All Night Long;AC/DC
Back In Black [SC Karaoke];ACDC
Dirty Deeds Done Dirt Cheap [S;ACDC
For Those About To Rock [SC ka;ACDC
Hard As A Rock [SC Karaoke];ACDC
Hell's Bells [SC Karaoke];ACDC
Highway To Hell [SC Karaoke];ACDC
It's A Long Way To The Top [SC;ACDC
Rock N Roll Ain't Noise Pollut;ACDC
Stiff Upper Lip [SC Karaoke];ACDC
TNT [SC Karaoke];ACDC
Thunderstruck [SC Karaoke];ACDC
Who Made Who [SC Karaoke];ACDC
You Shook Me All Night Long [S;ACDC
All That She Wants;Ace Of Base
The Sign;Ace Of Base
All That She Wants [SC Karaoke;Ace Of Base
Beautiful Life [SC Karaoke];Ace Of Base
The Sign [SC Karaoke];Ace Of Base
Hello;Adele
Rolling In The Deep;Adele
Send My Love (To Your New Lover);Adele
Set Fire To The Rain;Adele
Someone Like You;Adele
Water Under the Bridge;Adele
Crazy;Aerosmith
Cryin';Aerosmith
Dream On (Short version);Aerosmith
Dude (Looks Like A Lady);Aerosmith
I Don't Want to Miss a Thing;Aerosmith
Janie's Got A Gun;Aerosmith
Pink;Aerosmith
Sweet Emotion;Aerosmith
What It Takes;Aerosmith
Amazing [SC Karaoke];Aerosmith
Cryin' [SC Karaoke];Aerosmith
Dream On [SC Karaoke];Aerosmith
Dude (Looks Like A Lady) [SC K;Aerosmith
Eat The Rich [SC Karaoke];Aerosmith
Falling In Love [SC Karaoke];Aerosmith
Girls Of Summer [SC Karaoke];Aerosmith
Hole In My Soul [SC Karaoke];Aerosmith
I Don't Want To Miss A Thing [;Aerosmith
Jaded [SC Karaoke];Aerosmith
Janie's Got A Gun [SC Karaoke];Aerosmith
Livin' On The Edge [SC Karaoke;Aerosmith
Love In An Elevator [SC Karaok;Aerosmith
Mama Kin [SC Karaoke];Aerosmith
Pink [SC Karaoke];Aerosmith
Rag Doll [SC Karaoke];Aerosmith
Same Old Song & Dance [SC Kara;Aerosmith
Sweet Emotion [SC Karaoke];Aerosmith
Walk This Way [SC Karaoke];Aerosmith
What It Takes [SC Karaoke];Aerosmith
Take On Me [SC Karaoke];A-Ha
Take On Me;a-ha
Don't Matter;Akon
Hand In My Pocket;Alanis Morissette
Head over Feet;Alanis Morissette
Ironic;Alanis Morissette
You Oughta Know;Alanis Morissette
All I really want to do [SC Ka;Alanis Morissette
Head Over Feet [SC Karaoke];Alanis Morissette
Ironic [SC Karaoke];Alanis Morissette
You Oughta Know [SC Karaoke];Alanis Morissette
You learn [SC Karaoke];Alanis Morissette
No More Mister Nice Guy;Alice Cooper
Poison;Alice Cooper
School's Out;Alice Cooper
Be My Lover [SC Karaoke];Alice Cooper
Billion Dollar Babies [SC Kara;Alice Cooper
Eighteen [SC Karaoke];Alice Cooper
No More Mr Nice Guy [SC Karaok;Alice Cooper
Poison [SC Karaoke];Alice Cooper
School's Out [SC Karaoke];Alice Cooper
Man In The Box;Alice in Chains
Fallin' [SC Karaoke];Alicia Keys
Big In Japan;Alphaville
Forever Young [SC Karaoke];Alphaville
Con te partiro;Andrea Bocelli
Barbie Girl [SC Karaoke];Aqua
Sugar, Sugar;Archies
Side to Side;Ariana Grande feat. Nicki Minaj
Heat Of The Moment;Asia
Only Time Will Tell;Asia
Be Yourself;Audioslave
I Am the Highway;Audioslave
Like a Stone;Audioslave
Complicated;Avril Lavigne
Complicated [SC Karaoke];Avril Lavigne
Losing Grip;Avril Lavigne
My Happy Ending [SC Karaoke];Avril Lavigne
Nobody's Home;Avril Lavigne
Debbie [SC Karaoke];B 52's
Love Shack [SC Karaoke];B 52's
Private Idaho [SC Karaoke];B 52's
Rock Lobster [SC Karaoke];B 52's
Love Shack;B-52's
Let It Ride [SC Karaoke];Bachman Turner Overdrive
Takin' Care Of Business [SC Ka;Bachman Turner Overdrive
Takin' Care Of Business;Bachman-Turner Overdrive
Everybody (Backstreet's Back);Backstreet Boys
All I Have To Give [SC Karaoke;Backstreet Boys
As Long As You Love Me [SC Kar;Backstreet Boys
I Want It That Way [SC Karaoke;Backstreet Boys
Bad Company;Bad Company
Bad Company [SC Karaoke];Bad Company
Feel Like Makin' Love [SC Kara;Bad Company
Ready For Love [SC Karaoke];Bad Company
Who Let The Dogs Out [SC Karao;Baha Men
Tarzan Boy [SC Karaoke];Baltimora
Venus;Bananarama
Bella Ciao - La Casa de Papel;Banda Bassotti
Walk Like An Egyptian;Bangles
Walk Like An Egyptian [SC Kara;Bangles
Freak Show On The Dance Floor;Bar Kays
You're The First, The Last, My Everything;Barry White
You're The First The Last My E;Barry White
California Dreamin';Beach Boys
Surfin' USA;Beach Boys
California Girls [SC Karaoke];Beach Boys
I Get Around [SC Karaoke];Beach Boys
Surfer Girl [SC Karaoke];Beach Boys
Surfin' USA [SC Karaoke];Beach Boys
Fight For Your Right To Party;Beastie Boys
Intergalactic [SC Karaoke];Beastie Boys
No Sleep Till Brooklyn [SC Kar;Beastie Boys
Sabotage [SC Karaoke];Beastie Boys
All You Need Is Love;Beatles
Come Together;Beatles
Day Tripper;Beatles
Don't Let Me Down;Beatles
Help!;Beatles
Hey Jude;Beatles
I Want To Hold Your Hand;Beatles
Let It Be;Beatles
Love Me Do;Beatles
She Loves You;Beatles
Ticket To Ride;Beatles
Twist And Shout;Beatles
Yellow Submarine;Beatles
Yesterday;Beatles
A Hard Days Night [SC Karaoke];Beatles
All You Need Is Love [SC Karao;Beatles
Back In The U.S.S.R [SC Karaok;Beatles
Can't Buy Me Love [SC Karaoke];Beatles
Come Together [SC Karaoke];Beatles
Day Tripper [SC Karaoke];Beatles
Don't let me down [SC Karaoke];Beatles
Free As A Bird [SC Karaoke];Beatles
Get Back [SC Karaoke];Beatles
Help [SC Karaoke];Beatles
Helter Skelter [SC Karaoke];Beatles
Hey Jude [SC Karaoke];Beatles
I Should Have Known Better [SC;Beatles
I Want To Hold Your Hand [SC K;Beatles
Let It Be [SC Karaoke];Beatles
Lucy In The Sky With Diamonds;Beatles
Paperback Writer [SC Karaoke];Beatles
Penny Lane [SC Karaoke];Beatles
She Loves You [SC Karaoke];Beatles
Twist & Shout [SC Karaoke];Beatles
We Can Work It Out [SC Karaoke;Beatles
Yellow Submarine [SC Karaoke];Beatles
Yesterday [SC Karaoke];Beatles
Get Back;Beatles & Billy Preston
Alone [SC Karaoke];Bee Gees
How Deep Is Your Love [SC Kara;Bee Gees
Massachusetts [SC Karaoke];Bee Gees
Night Fever [SC Karaoke];Bee Gees
Stayin' Alive [SC Karaoke];Bee Gees
Too Much Heaven [SC Karaoke];Bee Gees
You Should Be Dancing [SC Kara;Bee Gees
Night Fever;Bee Gees
Naughty Girl [SC Karaoke];Beyonce
Crazy In Love [SC Karaoke];Beyonce & Jay Z
The Time Of My Life;Bill Medley & Jennifer Warnes
Kiss The Rain [SC Karaoke];Billie Myers
Cradle of Love;Billy Idol
Eyes Without A Face;Billy Idol
Mony Mony;Billy Idol
Rebel Yell;Billy Idol
White Wedding (Short version);Billy Idol
Cradle Of Love [SC Karaoke];Billy Idol
Dancing With Myself [SC Karaok;Billy Idol
Eyes Without A Face [SC Karaok;Billy Idol
Mony Mony [SC Karaoke];Billy Idol
Rebel Yell [SC Karaoke];Billy Idol
White Wedding [SC Karaoke];Billy Idol
Dancing With Myself;Billy Idol (Generation X)
Uptown Girl;Billy Joel
Remedy;Black Crowes
Hard To Handle [SC Karaoke];Black Crowes
Jealous Again [SC Karaoke];Black Crowes
Only A Fool [SC Karaoke];Black Crowes
Remedy [SC Karaoke];Black Crowes
Twice As Hard [SC Karaoke];Black Crowes
I Gotta Feeling;Black Eyed Peas
Where Is The Love;Black Eyed Peas
Don't Lie [SC Karaoke];Black Eyed Peas
Don't Phunk With My Heart [SC;Black Eyed Peas
Let’s Get It Started [SC Karao;Black Eyed Peas
My Humps [SC Karaoke];Black Eyed Peas
Where Is The Love [SC Karaoke];Black Eyed Peas & Justin Timbe
Paranoid;Black Sabbath
Heaven & Hell [SC Karaoke];Black Sabbath
Iron Man [SC Karaoke];Black Sabbath
N.I.B [SC Karaoke];Black Sabbath
War Pigs [SC Karaoke];Black Sabbath
No Rain;Blind Melon
All The Small Things [SC Karao;Blink 182
Down [SC Karaoke];Blink 182
Feeling This [SC Karaoke];Blink 182
First Date [SC Karaoke];Blink 182
I Miss You [SC Karaoke];Blink 182
Rock Show [SC Karaoke];Blink 182
What's My Age Again [SC Karaok;Blink 182
All The Small Things;Blink-182
I Miss You;Blink-182
What's My Age Again?;Blink-182
Hanging On The Telephone;Blondie
Maria;Blondie
One Way Or Another;Blondie
Call Me [SC Karaoke];Blondie
Hanging On The Telephone [SC K;Blondie
Heart Of Glass [SC Karaoke];Blondie
Maria [SC Karaoke];Blondie
One Way Or Another [SC Karaoke;Blondie
Burnin' For You [SC Karaoke];Blue Oyster Cult
Don't Fear The Reaper [SC Kara;Blue Oyster Cult
(Don't Fear) The Reaper;Blue Oyster Cult
Gimme Some Lovin' [SC Karaoke];Blues Brors
Sweet Home Chicago [SC Karaoke;Blues Brors
Hook [SC Karaoke];Blues Traveler
Song 2;Blur
Coffee Tv;Blur
Girls & Boys [SC Karaoke];Blur
Song 2 [SC Karaoke];Blur
Knockin' On Heaven's Door;Bob Dylan
Like A Rolling Stone;Bob Dylan
Blowin' In The Wind [SC Karaok;Bob Dylan
Gotta Serve Somebody [SC Karao;Bob Dylan
Just Like A Woman [SC Karaoke];Bob Dylan
Knockin' On Heaven's Door [SC;Bob Dylan
Like A Rolling Stone [SC Karao;Bob Dylan
Shelter From The Storm [SC Kar;Bob Dylan
Subterranean Homesick Blues [S;Bob Dylan
Tangled Up In Blue [SC Karaoke;Bob Dylan
Times They Are A Changin' [SC;Bob Dylan
Buffalo Soldier;Bob Marley
Could You Be Loved;Bob Marley
Is This Love;Bob Marley
Jamming;Bob Marley
No Woman, No Cry (Live);Bob Marley
No Woman, No Cry (Album Version);Bob Marley
One Love (People Get Ready);Bob Marley
Redemption Song;Bob Marley
Three Little Birds;Bob Marley
Waiting In Vain;Bob Marley
Buffalo Soldier [SC Karaoke];Bob Marley
Could You Be Loved [SC Karaoke;Bob Marley
Get Up Stand Up [SC Karaoke];Bob Marley
I Shot The Sheriff [SC Karaoke;Bob Marley
Is This Love [SC Karaoke];Bob Marley
Jammin' [SC Karaoke];Bob Marley
No Woman No Cry [SC Karaoke];Bob Marley
Stir It Up [SC Karaoke];Bob Marley
Three Little Birds [SC Karaoke;Bob Marley
Against The Wind;Bob Seger
Betty Lou's Getting Out Tonight;Bob Seger
C'est La Vie;Bob Seger
Fire Down Below;Bob Seger
Fire Lake;Bob Seger
Hollywood Nights;Bob Seger
Katmandu;Bob Seger
Mainstreet;Bob Seger
Still The Same;Bob Seger
Tryin' To Live My Life Without You;Bob Seger
Turn The Page;Bob Seger
You'll Accompany Me;Bob Seger
Don't Worry, Be Happy;Bobby McFerrin
All About Lovin' You;Bon Jovi
Always;Bon Jovi
Bed Of Roses;Bon Jovi
It's My Life;Bon Jovi
Lay Your Hands on Me;Bon Jovi
Livin' On A Prayer;Bon Jovi
Wanted Dead Or Alive;Bon Jovi
You Give Love a Bad Name;Bon Jovi
Always [SC Karaoke];Bon Jovi
Bad Medicine [SC Karaoke];Bon Jovi
Blaze Of Glory [SC Karaoke];Bon Jovi
Blood on Blood;Bon Jovi
Born To Be My Baby [SC Karaoke;Bon Jovi
Everyday [SC Karaoke];Bon Jovi
Have A Nice Day [SC Karaoke];Bon Jovi
I'll Be There For You [SC Kara;Bon Jovi
It's My Life [SC Karaoke];Bon Jovi
Janie, Don't Take Your Love To;Bon Jovi
Keep The Faith [SC Karaoke];Bon Jovi
Lay Your Hands On Me [SC Karao;Bon Jovi
Livin' On A Prayer [SC Karaoke;Bon Jovi
Midnight In Chelsea [SC Karaok;Bon Jovi
Never Say Goodbye [SC Karaoke];Bon Jovi
Raise Your Hands [SC Karaoke];Bon Jovi
Thank You For Loving Me [SC Ka;Bon Jovi
This Ain't A Love Song [SC Kar;Bon Jovi
Wanted Dead Or Alive [SC Karao;Bon Jovi
You Give Love A Bad Name [SC K;Bon Jovi
Total Eclipse Of The Heart;Bonnie Tyler
More Than A Feeling [SC Karaok;Boston
Rock & Roll Band [SC Karaoke];Boston
(You Drive Me) Crazy [SC Karao;Britney Spears
Baby One More Time [SC Karaoke;Britney Spears
I Love Rock 'n' Roll [SC Karao;Britney Spears
I'm A Slave 4 U [SC Karaoke];Britney Spears
I'm Not A Girl, Not Yet A Woma;Britney Spears
Lucky [SC Karaoke];Britney Spears
My Prerogative [SC Karaoke];Britney Spears
Oops I Did It Again [SC Karaok;Britney Spears
Overprotected [SC Karaoke];Britney Spears
Sometimes [SC Karaoke];Britney Spears
Stronger [SC Karaoke];Britney Spears
Toxic [SC Karaoke];Britney Spears
Small Town Boy [SC Karaoke];Bronski Beat
Tears of The Dragon;Bruce Dickinson
Born In The USA;Bruce Springsteen
Dancing In The Dark;Bruce Springsteen
Glory Days;Bruce Springsteen
Born In The USA [SC Karaoke];Bruce Springsteen
Born To Run [SC Karaoke];Bruce Springsteen
Glory Days [SC Karaoke];Bruce Springsteen
24K Magic;Bruno Mars
Just The Way You Are;Bruno Mars
The Lazy Song;Bruno Mars
Treasure;Bruno Mars
Uptown Funk;Bruno Mars feat. Mark Ronson
(Everything I Do) I Do It For You (Single Version);Bryan Adams
Cuts Like A Knife;Bryan Adams
Heaven;Bryan Adams
Run To You;Bryan Adams
Summer Of '69;Bryan Adams
Back To You [SC Karaoke];Bryan Adams
Cuts Like A Knife [SC Karaoke];Bryan Adams
Everything I Do (I Do It For Y;Bryan Adams
Heaven [SC Karaoke];Bryan Adams
Run To You [SC Karaoke];Bryan Adams
Straight From The Heart [SC Ka;Bryan Adams
Summer Of '69 [SC Karaoke];Bryan Adams
All For Love [SC Karaoke];Bryan Adams Rod Stewart & Stin
I Know What You Want [SC Karao;Busta Rhymes & Mariah Carey &
Gonna Make you Sweat (Everybod;C & C Music Factory
Short Skirt Long Jacket;Cake
Never There [SC Karaoke];Cake
Wherever You Will Go;Calling
Wherever You Will Go [SC Karao;Calling
Feel So Close;Calvin Harris
Slide;Calvin Harris feat. Frank Ocean & Migos
Blame;Calvin Harris feat. John Newman
This Is What You Came For;Calvin Harris feat. Rihanna
Havana;Camila Cabello feat. Young Thug
This Is Me;Camp Rock
Lovefool;Cardigans
My Favourite Game;Cardigans
Lovefool [SC Karaoke];Cardigans
My Favourite Game [SC Karaoke];Cardigans
Call Me Maybe;Carly Rae Jepsen
Finally [SC Karaoke];Ce Ce Peniston
A New Day Has Come [SC Karaoke;Celine Dion
Drove all night [SC Karaoke];Celine Dion
My Heart Will Go On [SC Karaok;Celine Dion
Power Of Love [SC Karaoke];Celine Dion
My Heart Will Go On;Celine Dion (Titanic)
Something Just Like This;Chainsmokers and Coldplay,
Closer;Chainsmokers feat. Halsey
Believe;Cher
If I Could Turn Back Time;Cher
Believe [SC Karaoke];Cher
If I Could Turn Back Time [SC;Cher
Good Times;Chic
Le Freak;Chic
Good Times [SC Karaoke];Chic
If You Leave Me Now;Chicago
The Lady In Red;Chris De Burgh
Wicked Game [SC Karaoke];Chris Isaak
Come On Over (All I Want Is Yo;Christina Aguilera
Dirrty [SC Karaoke];Christina Aguilera
Fighter [SC Karaoke];Christina Aguilera
Genie In A Bottle [SC Karaoke];Christina Aguilera
What A Girl Wants (Radio Versi;Christina Aguilera
Car Wash [SC Karaoke];Christina Aguliera & Missy Ell
Let's Twist Again;Chubby Checker
The Twist;Chubby Checker
Let's Twist Again [SC Karaoke];Chubby Checker
The Twist [SC Karaoke];Chubby Checker
Johnny B. Goode;Chuck Berry
Roll Over Beethoven;Chuck Berry
Johnny B Goode [SC Karaoke];Chuck Berry
Roll Over Beethoven [SC Karaok;Chuck Berry
Sweet Little Sixteen [SC Karao;Chuck Berry
Tubthumping;Chumbawamba
London Calling [SC Karaoke];Clash
Rock The Casbah [SC Karaoke];Clash
Should I Stay Or Should I Go [;Clash
Train In Vain [SC Karaoke];Clash
Trouble [SF Karaoke];Cold Play
A Sky Full Of Stars [BH Karaok;Coldplay
Charlie Brown [SF Karaoke];Coldplay
Clocks [SC Karaoke];Coldplay
Clocks [SF Karaoke];Coldplay
Every Teardrop Is A Waterfall;Coldplay
In My Place [SC Karaoke];Coldplay
Magic [BH Karaoke];Coldplay
Paradise [BH Karaoke];Coldplay
Sky Full Of Stars [SF Karaoke];Coldplay
Viva La Vida [CB Karaoke];Coldplay
Yellow [SC Karaoke];Coldplay
Shine;Collective Soul
Shine [SC Karaoke];Collective Soul
Easy (Like Sunday Morning);Commodores
Easy [SC Karaoke];Commodores
Gangsta's Paradise;Coolio feat. L.V.
Breathless [SC Karaoke];Corrs
When The Stars Go Blue [SC Kar;Corrs & Bono
Mr. Jones;Counting Crows
Dreams;Cranberries
Linger;Cranberries
Zombie;Cranberries
Dreams [SC Karaoke];Cranberries
Ode To My Family [SC Karaoke];Cranberries
Salvation [SC Karaoke];Cranberries
Zombie [SC Karaoke];Cranberries
Mmm, Mmm, Mmm, Mmm;Crash Test Dummies
Mmm Mmm Mmm Mmm [SC Karaoke];Crash Test Dummies
Sunshine Of Your Love [SC Kara;Cream
My Sacrifice;Creed
One Last Breath;Creed
With Arms Wide Open;Creed
Don't Stop Dancing [SC Karaoke;Creed
My Sacrifice [SC Karaoke];Creed
One Last Breath [Karaoke];Creed
What If [SC Karaoke];Creed
What's This Life For [Karaoke];Creed
With Arms Wide Open [SC Karaok;Creed
Bad Moon Rising;Creedence Clearwater Revival
Down On The Corner;Creedence Clearwater Revival
Have You Ever Seen The Rain?;Creedence Clearwater Revival
Hey Tonight;Creedence Clearwater Revival
Proud Mary;Creedence Clearwater Revival
Suzie Q;Creedence Clearwater Revival
Who'll Stop The Rain;Creedence Clearwater Revival
Bad Moon Rising [SC Karaoke];Creedence Clearwater Revival
Born On The Bayou [SC Karaoke];Creedence Clearwater Revival
Down On The Corner [SC Karaoke;Creedence Clearwater Revival
Fortunate Son [SC Karaoke];Creedence Clearwater Revival
Have You Ever Seen The Rain [S;Creedence Clearwater Revival
Hey Tonight [SC Karaoke];Creedence Clearwater Revival
I Put A Spell On You [SC Karao;Creedence Clearwater Revival
Long As I Can See The Light [S;Creedence Clearwater Revival
Proud Mary [SC Karaoke];Creedence Clearwater Revival
Susie Q [SC Karaoke];Creedence Clearwater Revival
Travelin' Band [SC Karaoke];Creedence Clearwater Revival
Who'll Stop The Rain [SC Karao;Creedence Clearwater Revival
Don't Dream It's Over;Crowded House
Fire Woman [SC Karaoke];Cult
She Sells Sanctuary [SC Karaok;Cult
Karma Chameleon;Culture Club
Boys Don't Cry;Cure
Friday I'm In Love;Cure
In Between Days;Cure
Just Like Heaven;Cure
Friday I'm In Love [SC Karaoke;Cure
Just Like Heaven [SC Karaoke];Cure
All Through The Night;Cyndi Lauper
Girls Just Wanna Have Fun;Cyndi Lauper
I Drove All Night;Cyndi Lauper
True Colors;Cyndi Lauper
All Through The Night [SC Kara;Cyndi Lauper
Girls Just Wanna Have Fun [SC;Cyndi Lauper
I Drove All Night [SC Karaoke];Cyndi Lauper
Money Changes Everything [SC K;Cyndi Lauper
She Bop [SC Karaoke];Cyndi Lauper
Time After Time [SC Karaoke];Cyndi Lauper
True Colors [SC Karaoke];Cyndi Lauper
Insane In The Brain;Cypress Hill
One More Time;Daft Punk
Get Lucky;Daft Punk feat. Pharrell Williams
Gotta Get Thru This;Daniel Bedingfield
Mother [SC Karaoke];Danzig
I Believe In A Thing Called Love;Darkness
One Way Ticket [SC Karaoke];Darkness
China Girl;David Bowie
Heroes;David Bowie
Let's Dance;David Bowie
Modern Love;David Bowie
Rebel Rebel;David Bowie
Space Oddity;David Bowie
Starman;David Bowie
Ziggy Stardust;David Bowie
Ashes To Ashes;David Bowie
Changes [SC Karaoke];David Bowie
Heroes [SC Karaoke];David Bowie
Let's Dance [SC Karaoke];David Bowie
Modern Love [SC Karaoke];David Bowie
Rebel Rebel [SC Karaoke];David Bowie
Space Oddity [SC Karaoke];David Bowie
Young Americans [SC Karaoke];David Bowie
Under Pressure [SC Karaoke];David Bowie & Queen
Titanium;David Guetta feat. Sia
Just A Gigolo/I Ain't Got Nobody;David Lee Roth
Just A Gigolo [SC Karaoke];David Lee Roth
You Spin Me Round (Like A Record);Dead Or Alive
New Age Girl [SC Karaoke];Deadeye Dick
Groove Is In The Heart [SC Kar;Deee Lite
Groove Is in the Heart;Deee-Lite
Breakfast At Tiffany's;Deep Blue Something
Child In Time;Deep Purple
Highway Star;Deep Purple
Perfect Strangers;Deep Purple
Smoke On The Water;Deep Purple
Hush [SC Karaoke];Deep Purple
Knocking At Your Back Door [SC;Deep Purple
Perfect Strangers [SC Karaoke];Deep Purple
Smoke On The Water [SC Karaoke;Deep Purple
Woman From Tokyo [SC Karaoke];Deep Purple
Animal [SC Karaoke];Def Leppard
Hysteria [SC Karaoke];Def Leppard
Pour Some Sugar On Me [SC Kara;Def Leppard
Let It Go;Demi Lovato
Enjoy The Silence;Depeche Mode
It's No Good;Depeche Mode
Personal Jesus;Depeche Mode
Enjoy The Silence [SC Karaoke];Depeche Mode
It's No Good [SC Karaoke];Depeche Mode
Just Can't Get Enough [SC Kara;Depeche Mode
Personal Jesus [SC Karaoke];Depeche Mode
Policy Of Truth [SC Karaoke];Depeche Mode
You Gotta Be;Des'ree
Jumpin' Jumpin';Destiny's Child
Lose My Breath;Destiny's Child
Soldier;Destiny's Child
Survivor;Destiny's Child
Thank You;Dido
White Flag;Dido
Thank You [SC Karaoke];Dido
White Flag [SC Karaoke];Dido
Don’t Talk To Strangers [SC Ka;Dio
Holy Diver;Dio
Last In Line [SC Karaoke];Dio
Rainbow In The Dark [SC Karaok;Dio
Money For Nothing [SC Karaoke];Dire Straits
So Far Away [SC Karaoke];Dire Straits
Sultans Of Swing [SC Karaoke];Dire Straits
Walk Of Life [SC Karaoke];Dire Straits
She's Like The Wind;Dirty Dancing
I Touch Myself;Divinyls
I Touch Myself [SC Karaoke];Divinyls
I'm the One;DJ Khaled feat. Justin Bieber, Quavo, Chance Rapper & Lil Wayne
Let Me Love You;DJ Snake feat. Justin Bieber
Cake by the Ocean;DNCE
Cake By The Ocean (Clean);DNCE
Bad Girls [SC Karaoke];Donna Summer
Hot Stuff [SC Karaoke];Donna Summer
Listen To The Music;Doobie Brors
Listen To The Music [SC Karaok;Doobie Brors
Long Train Runnin' [SC Karaoke;Doobie Brors
Break On Through;Doors
Hello I Love You;Doors
L.A. Woman;Doors
Light My Fire [SC Karaoke];Doors
Love Me Two Times;Doors
People Are Strange [SC Karaoke;Doors
Riders On The Storm;Doors
Roadhouse Blues;Doors
Break On Through (To The Other Side);Doors
L.A. Woman (Short version);Doors
Light My Fire;Doors
People Are Strange;Doors
The End;Doors
Kung Fu Fighting;Douglas, Carl
New Rules;Dua Lipa
Save A Prayer;Duran Duran
Hungry Like The Wolf [SC Karao;Duran Duran
Notorious;Duran Duran
Ordinary World [SC Karaoke];Duran Duran
Rio [SC Karaoke];Duran Duran
Save A Prayer [SC Karaoke];Duran Duran
Falling In Love Again [SC Kara;Eagle Eye Cherry
Save Tonight [SC Karaoke];Eagle Eye Cherry
Save Tonight;Eagle-Eye Cherry
Already Gone;Eagles
Hotel California (Long Version;Eagles
In The City;Eagles
James Dean;Eagles
Life In The Fast Lane;Eagles
Peaceful Easy Feeling;Eagles
Take It Easy;Eagles
Tequila Sunrise;Eagles
Chug All Night;Eagles,
Hotel California;Eagles,
Let's Groove;Earth Wind & Fire
September;Earth, Wind & Fire
Shape of You;Ed Sheeran
Thinking Out Loud;Ed Sheeran
Electric Avenue;Eddy Grant
Blue (Da Ba Dee);Eiffel 65
Nikita;Elton John
Sacrifice;Elton John
Sad Songs (Say So Much);Elton John
Bitch Is Back [SC Karaoke];Elton John
Don't Go Breaking My Heart;Elton John
Don't Let The Sun Go Down On Me;Elton John
Healing Hands;Elton John
I Guess That's Why They Call It The Blues;Elton John
One;Elton John
Sad Songs (Say So Much) [SC Ka;Elton John
Saturday Night's Alright (For;Elton John
Tiny Dancer [SC Karaoke];Elton John
All Shook Up;Elvis Presley
Always On My Mind;Elvis Presley
Blue Suede Shoes;Elvis Presley
Burning Love;Elvis Presley
Can't Help Falling In Love;Elvis Presley
Don't Be Cruel;Elvis Presley
Hound Dog;Elvis Presley
It's Now or Never;Elvis Presley
Suspicious Mind (Live in Las Vegas);Elvis Presley
Suspicious Minds;Elvis Presley
Sweet Caroline (Live);Elvis Presley
Trouble;Elvis Presley
A Little Less Conversation [SC;Elvis Presley
All Shook Up [SC Karaoke];Elvis Presley
Always On My Mind [SC Karaoke];Elvis Presley
Blue Suede Shoes [SC Karaoke];Elvis Presley
Burning Love [SC Karaoke];Elvis Presley
Can't Help Falling In Love [SC;Elvis Presley
Don't Be Cruel [SC Karaoke];Elvis Presley
Hound Dog [SC Karaoke];Elvis Presley
It's Now Or Never [SC Karaoke];Elvis Presley
Jailhouse Rock [SC Karaoke];Elvis Presley
Love Me Tender [SC Karaoke];Elvis Presley
Suspicious Minds [SC Karaoke];Elvis Presley
Treat Me Nice [SC Karaoke];Elvis Presley
Viva Las Vegas [SC Karaoke];Elvis Presley
Unbelievable;Emf
8 Mile [SC Karaoke];Eminem
Cleanin' Out My Closet [SC Kar;Eminem
Just Lose It [SC Karaoke];Eminem
Like Toy Soldiers [SC Karaoke];Eminem
Lose Yourself (Radio Version);Eminem
My Name Is [SC Karaoke];Eminem
Real Slim Shady [SC Karaoke];Eminem
Sing For The Moment [SC Karaok;Eminem
Without Me (Radio Version) [SC;Eminem
Love The Way You Lie;Eminem feat. Rihanna
What Took You So Long;Emma Bunton
Bailamos;Enrique Iglesias
Bailando;Enrique Iglesias
A Little Respect;Erasure
Bad Love;Eric Clapton
Change The World;Eric Clapton
Cocaine;Eric Clapton
Tears In Heaven;Eric Clapton
Wonderful Tonight;Eric Clapton
Before You Accuse Me [SC Karao;Eric Clapton
Change The World [SC Karaoke];Eric Clapton
Cocaine [SC Karaoke];Eric Clapton
It's In The Way That You Use I;Eric Clapton
Tears In Heaven [SC Karaoke];Eric Clapton
Wonderful Tonight [SC Karaoke];Eric Clapton
Cose Della Vita (Can't Stop Thinking Of You);Eros Ramazzotti in duet with Tina Turner
The Final Countdown;Europe
Carrie [SC Karaoke];Europe
Final Countdown [SC Karaoke];Europe
Here Comes The Rain Again [SC;Eurythmics
Sweet Dreams (Are Made Of This;Eurythmics
Call Me When You're Sober [SC;Evanescence
Going Under;Evanescence
My Immortal [SC Karaoke];Evanescence
bring me to life;evanescence
everybodys fool;evanescence
More Than Words;Extreme
Hole Hearted [SC Karaoke];Extreme
More Than Words [SC Karaoke];Extreme
Easy;Faith No More
Praise You;Fatboy Slim
Rockerfella Skank;Fatboy Slim
Big Girls Don't Cry;Fergie
Big Girls Don't Cry [SC Karaok;Fergie
She Drives Me Crazy;Fine Young Cannibals
She Drives Me Crazy [SC Karaok;Fine Young Cannibals
Gypsy [SC Karaoke];Fleetwood Mac
i ran;flock of seagulls
All My Life [SC Karaoke];Foo Fighters
Best Of You;Foo Fighters
Big Me [SC Karaoke];Foo Fighters
Breakout [SC Karaoke];Foo Fighters
Everlong [SC Karaoke];Foo Fighters
Learn To Fly [SC Karaoke];Foo Fighters
My Hero [SC Karaoke];Foo Fighters
Times Like These [SC Karaoke];Foo Fighters
Walking After You [SC Karaoke];Foo Fighters
I Want To Know What Love Is;Foreigner
I Want To Know What Love Is [S;Foreigner
Pumped Up Kicks;Foster People
My Way;Frank Sinatra
New York, New York;Frank Sinatra
Lady Is A Tramp [SC Karaoke];Frank Sinatra
Love & Marriage [SC Karaoke];Frank Sinatra
My Way [SC Karaoke];Frank Sinatra
New York New York [SC Karaoke];Frank Sinatra
Can't Take My Eyes Off You;Frankie Valli & Four Seasons
I Was Born to Love You (Short version);Freddie Mercury
All Right Now [SC Karaoke];Free
Killing Me Softly [SC Karaoke];Fugees
I Think I'm Paranoid;Garbage
Only Happy When It Rains [SC K;Garbage
Special [SC Karaoke];Garbage
Stupid Girl [SC Karaoke];Garbage
When I Grow Up [SC Karaoke];Garbage
I Will Survive;Gaynor, Gloria
That's All;Genesis
That's All [SC Karaoke];Genesis
Throwing It All Away;Genesis
Got My Mind Set On You;George Harrison
Faith;George Michael
Faith [SC Karaoke];George Michael
Freedom [SC Karaoke];George Michael
Careless Whisper;George Michael (Wham!)
Bad To The Bone [SC Karaoke];George Thorogood
I Drink Alone [SC Karaoke];George Thorogood
I'll Fly With You;Gigi D'Agostino
Follow You Down [SC Karaoke];Gin Blossoms
Bamboleo (Caballo Viejo);Gipsy Kings
Djobi, Djoba;Gipsy Kings
Volare (Nel blu dipinto di blu);Gipsy Kings
Flashdance (What A Feeling);Glee
The Heat Is On;Glenn Frey
I Will Survive [SC Karaoke];Gloria Gaynor
Never Can Say Goodbye [SC Kara;Gloria Gaynor
Meet Me With Your Black Drawer;Gloria Hardman
Iris;Goo Goo Dolls
Black Balloon [SC Karaoke];Goo Goo Dolls
Iris [SC Karaoke];Goo Goo Dolls
Feel Good Inc.;Gorillaz
19-2000 [SC Karaoke];Gorillaz
Clint Eastwood [SC Karaoke];Gorillaz
Feel Good Inc [SC Karaoke];Gorillaz
Somebody That I Used To Know;Gotye feat. Kimbra
Summer Nights;Grease
Basket Case [SC Karaoke];Green Day
Walking Contradiction [SC Kara;Green Day
When I Come Around [SC Karaoke;Green Day
American Woman [SC Karaoke];Guess Who
No Sugar Tonight [SC Karaoke];Guess Who
Shakin' All Over [SC Karaoke];Guess Who
Civil War;Guns N' Roses
Don't Cry;Guns N' Roses
Live And Let Die;Guns N' Roses
Mr. Brownstone;Guns N' Roses
November Rain;Guns N' Roses
Paradise City;Guns N' Roses
Patience;Guns N' Roses
Since I Don't Have You;Guns N' Roses
Sweet Child O'Mine;Guns N' Roses
Welcome To The Jungle;Guns N' Roses
Yesterdays;Guns N' Roses
You Could Be Mine;Guns N' Roses
Knockin’ On Heaven’S Door [SC;Guns N' Roses
Live And Let Die [SC Karaoke];Guns N' Roses
Mr Brownstone [SC Karaoke];Guns N' Roses
My Michelle [SC Karaoke];Guns N' Roses
November Rain [SC Karaoke];Guns N' Roses
Patience [SC Karaoke];Guns N' Roses
Sweet Child O' Mine [SC Karaok;Guns N' Roses
Used To Love Her [SC Karaoke];Guns N' Roses
You Could Be Mine [SC Karaoke];Guns N' Roses
Don't Cry (Original) [SC Karao;Guns 'N Roses
Paradise City [SC Karaoke];Guns 'n Roses
Welcome To The Jungle [SC Kara;Guns 'N' Roses
Hollaback Girl;Gwen Stefani
Don't Speak [SC Karaoke];Gwen Stefani
Hollaback Girl [SC Karaoke];Gwen Stefani
Rich Girl [SC Karaoke];Gwen Stefani & Eve
What Is Love;Haddaway
Maneater;Hall & Oates
Mmm Bop [SC Karaoke];Hanson
Barracuda [SC Karaoke];Heart
Breaking Free;High School Musical
Awful [SC Karaoke];Hole
Celebrity Skin [SC Karaoke];Hole
Malibu [SC Karaoke];Hole
The Reason [SC Karaoke];Hoobastank
Come Anytime [SF Karaoke];Hoodoo Gurus
I Wanna Dance With Somebody;Houston, Whitney
Cruisin';Huey Lewis & News & Gwyneth Paltrow
Don't You Want Me;Human League
Do You Want Me;Human League,
The Passenger;Iggy Pop
Passenger;Iggy Pop
Candy;Iggy Pop & Kate Pierson
Believer;Imagine Dragons
Radioactive;Imagine Dragons
Whatever It Takes;Imagine Dragons
I Wish You Were Here [SC Karao;Incubus
Sweat (A La La La La Long);Inner Circle
Cops (Bad Boys) [SC Karaoke];Inner Circle
Sweat (A La La La Long) [SC Ka;Inner Circle
Beautiful Girl;INXS
By My Side;INXS
Disappear;INXS
Need You Tonight;INXS
New Sensation;INXS
Original Sin;INXS
Beautiful Girl [SC Karaoke];Inxs
Devil Inside [SC Karaoke];Inxs
Need You Tonight [SC Karaoke];Inxs
Never Tear Us Apart [SC Karaok;Inxs
New Sensation [SC Karaoke];Inxs
Original Sin [SC Karaoke];Inxs
Suicide Blonde [SC Karaoke];Inxs
Wasted Years;Iron Maiden
Aces High [SC Karaoke];Iron Maiden
Number of The Beast;Iron Maiden
Run To The Hills [SC Karaoke];Iron Maiden
The Trooper [SC Karaoke];Iron Maiden
Wasting Love;Iron Maiden
Always On Time [SC Karaoke];Ja Rule & Ashanti
Mesmerize [SC Karaoke];Ja Rule & Ashanti
ABC;Jackson 5
I Want You Back;Jackson 5
ABC [SC Karaoke];Jackson Five
I Want You Back [SC Karaoke];Jackson Five
Shake Your Body [SC Karaoke];Jacksons
I Got You (I Feel Good);James Brown
Get Up (I Feel Like Being A) S;James Brown
I Got You (I Feel Good) [SC Ka;James Brown
Papa's Got A Brand New Bag (Pa;James Brown
Virtual Insanity [SC Karaoke];Jamiraquai
Space Cowboy;Jamiroquai
Cry Baby;Janis Joplin
Mercedes Benz;Janis Joplin
Piece Of My Heart;Janis Joplin
Cry Baby [SC Karaoke];Janis Joplin
Down On Me [SC Karaoke];Janis Joplin
Me & Bobby Mcgee [SC Karaoke];Janis Joplin
One Good Man [SC Karaoke];Janis Joplin
Piece Of My Heart [SC Karaoke];Janis Joplin
I'm Yours;Jason Mraz
I'm Yours [SC Karaoke];Jason Mraz
Somebody to Love;Jefferson Airplane
Somebody To Love [Karaoke];Jefferson Airplane
Get Right [SC Karaoke];Jennifer Lopez
I'm Glad [SC Karaoke];Jennifer Lopez
I'm Glad;Jennifer Lopez
Jenny From The Block [SC Karao;Jennifer Lopez
I'm Real [SC Karaoke];Jennifer Lopez & Ja Rule
All I Have [SC Karaoke];Jennifer Lopez & LL Cool J
Great Balls Of Fire [SC Karaok;Jerry Lee Lewis
High School Confidential [SC K;Jerry Lee Lewis
Whole Lotta Shakin' Goin' On [;Jerry Lee Lewis
Are You Gonna Be My Girl;Jet
Are You Gonna Be My Girl [SC K;Jet
Cold Hard Bitch [SC Karaoke];Jet
Aqualung;Jethro Tull
Aqualung [SC Karaoke];Jethro Tull
Cross Eyed Mary [SC Karaoke];Jethro Tull
Teacher [SC Karaoke];Jethro Tull
Hands [SC Karaoke];Jewel
All Along The Watchtower;Jimi Hendrix
Hey Joe;Jimi Hendrix
All Along The Watchtower [SC K;Jimi Hendrix
Angel [SC Karaoke];Jimi Hendrix
Cross Town Traffic [SC Karaoke;Jimi Hendrix
Fire [SC Karaoke];Jimi Hendrix
Foxy Lady [SC Karaoke];Jimi Hendrix
Hey Joe [SC Karaoke];Jimi Hendrix
Purple Haze [SC Karaoke];Jimi Hendrix
Wind Cries Mary [SC Karaoke];Jimi Hendrix
I Can See Clearly Now;Jimmy Cliff
Reggae Night;Jimmy Cliff
I Hate Myself For Loving You;Joan Jett
I Love Rock 'N Roll;Joan Jett
Bad Reputation [SC Karaoke];Joan Jett
Cherry Bomb [SC Karaoke];Joan Jett
Do You Wanna Touch Me (Oh Yeah;Joan Jett
Fake Friends [SC Karaoke];Joan Jett
I Hate Myself For Loving You [;Joan Jett
I Love Rock & Roll [SC Karaoke;Joan Jett
Light Of Day [SC Karaoke];Joan Jett
One Of Us;Joan Osborne
One Of Us [SC Karaoke];Joan Osborne
A Whiter Shade of Pale;Joe Cocker
Unchain My Heart;Joe Cocker
With A Little Help From My Friends;Joe Cocker
Have a Little Faith [SC Karaok;Joe Cocker
Unchain My Heart [SC Karaoke];Joe Cocker
Whith A Little Help From My Fr;Joe Cocker
You Are So Beautiful [SC Karao;Joe Cocker
You Can Leave Your Hat On [SC;Joe Cocker
Authority Song [SC Karaoke];John Cougar Mellencamp
Crumblin' Down [SC Karaoke];John Cougar Mellencamp
Dance Naked [SC Karaoke];John Cougar Mellencamp
Get A Leg Up [SC Karaoke];John Cougar Mellencamp
Human Wheels [SC Karaoke];John Cougar Mellencamp
Hurts So Good [SC Karaoke];John Cougar Mellencamp
I Need A Lover [SC Karaoke];John Cougar Mellencamp
I Saw Mommy Kissing Santa Clau;John Cougar Mellencamp
Im Not Running Anymore [SC Kar;John Cougar Mellencamp
Pink Houses [SC Karaoke];John Cougar Mellencamp
Rain On The Scarecrow [SC Kara;John Cougar Mellencamp
What If I Came Knocking [SC Ka;John Cougar Mellencamp
Wild Night [SC Karaoke];John Cougar Mellencamp
Your Life Is Now [SC Karaoke];John Cougar Mellencamp
Peaceful World [SC Karaoke];John Cougar Mellencamp & India
Old Man Down The Road [SC Kara;John Fogerty
All Of Me;John Legend
Imagine;John Lennon
Imagine [SC Karaoke];John Lennon
Instant Karma (We All Shine On;John Lennon
Nobody Told Me [SC Karaoke];John Lennon
Call Me The Breeze [SC Karaoke;John Mayer
Clarity [SC Karaoke];John Mayer
No Such Thing [SC Karaoke];John Mayer
Why Georgia [SC Karaoke];John Mayer
Your Body Is A Wonderland [SC;John Mayer
Love Is in the Air;John Paul Young
Summer Nights [SC Karaoke];John Travolta & Olivia Newton
We Go Together [SC Karaoke];John Travolta & Olivia Newton-
I Walk the Line;Johnny Cash
A Boy Named Sue [SC Karaoke];Johnny Cash
Ballad Of A Teenage Queen [SC;Johnny Cash
Ballad Of Ira Hayes [SC Karaok;Johnny Cash
Big River [SC Karaoke];Johnny Cash
Boy Named Sue [SC Karaoke];Johnny Cash
Daddy Sang Bass [SC Karaoke];Johnny Cash
Don't Take Your Guns To Town [;Johnny Cash
Folsom Prison Blues [SC Karaok;Johnny Cash
Get Rhythm [SC Karaoke];Johnny Cash
Give My Love To Rose [SC Karao;Johnny Cash
Guess Things Happen That Way [;Johnny Cash
Hurt [SC Karaoke];Johnny Cash
I Got Stripes [SC Karaoke];Johnny Cash
I Walk The Line [SC Karaoke];Johnny Cash
Luther Played The Boogie [SC K;Johnny Cash
Man In Black [SC Karaoke];Johnny Cash
Orange Blossom Special [SC Kar;Johnny Cash
Ring Of Fire [SC Karaoke];Johnny Cash
Sunday Morning Coming Down [SC;Johnny Cash
Understand Your Man [SC Karaok;Johnny Cash
Ways Of A Woman In Love [SC Ka;Johnny Cash
There Ain't No Good Chain Gang;Johnny Cash & Waylon Jennin
Baby I Need Your Lovin';Johnny Rivers
Secret Agent Man;Johnny Rivers
Secret Agent Man [SC Karaoke];Johnny Rivers
Angel;Jon Secada
Do You Believe In Us;Jon Secada
Just Another Day;Jon Secada
Love's About To Change My Mind;Jon Secada
Mental Picture;Jon Secada
If You Go;Jon Secada
Don't Stop Believing (Small Town Girl);Journey
Any Way You Want It;Journey
Be Good To Yourself;Journey
Don't Stop Believin' [SC Karao;Journey
Only The Young;Journey
Separate Ways (Worlds Apart);Journey
Love Will Tear Us Apart;Joy Division
Breaking The Law;Judas Priest
Living After Midnight;Judas Priest
Living After Midnight [SC Kara;Judas Priest
Turbo Lover [SC Karaoke];Judas Priest
Boyfriend;Justin Bieber
Love Yourself;Justin Bieber
Sorry;Justin Bieber
What Do You Mean?;Justin Bieber
Friends;Justin Bieber & BloodPop
Never Say Never;Justin Bieber feat. Jaden Smith
Baby;Justin Bieber feat. Ludacris
That's The Way I Like It [SC K;K C & Sunshine Band
Get Down Tonight [SC Karaoke];K.C. & Sunshine Band
I'm Your Boogie Man [SC Karaok;K.C. & Sunshine Band
Boogie Shoes;K.c. & Sunshine Band
Shake Your Booty (Shake, Shake, Shake);K.c. & Sunshine Band
That's The Way (I Like;K.c. & Sunshine Band
Give It Up;K.c. And Sunshine Band
Dust In The Wind;Kansas
Carry On Wayward Son;Kansas
Dust In The Wind [SC Karaoke];Kansas
Dancando Lambada;Kaoma
E.T;Katy Perry
Firework;Katy Perry
Hot n Cold;Katy Perry
Last Friday Night;Katy Perry
Roar;Katy Perry
Teenage Dream;Katy Perry
Waking Up In Vegas [SC Karaoke;Katy Perry
Wide Awake;Katy Perry
Dark Horse;Katy Perry and Juicy J
Chained To The Rhythm;Katy Perry Feat. Skip Marley
California Gurls;Katy Perry ft. Snoop Dogg
(Shake, Shake, Shake) Shake Your Booty;KC & Sunshine Band
Get Down Tonight;KC & Sunshine Band
Keep It Coming Love;KC & Sunshine Band
That's the Way (I Like It);KC & Sunshine Band
Keep It Comin' Love [SC Karaok;Kc & Sunshine Band
Everybody's Changing;Keane
Breakaway [SC Karaoke];Kelly Clarkson
Papa Don't Preach [SC Karaoke];Kelly Osbourne
Footloose;Kenny Loggins
Danger Zone [SC Karaoke];Kenny Loggins
Footloose [SC Karaoke];Kenny Loggins
Danger Zone;Kenny Loggins (Top Gun)
TiK ToK;Kesha
All These Things That I've Don;Killers
Mr Brightside [SC Karaoke];Killers
Somebody Told Me [SC Karaoke];Killers
When You We're Young [SC Karao;Killers
Bette Davis Eyes;Kim Carnes
Bette Davis Eyes [SC Karaoke];Kim Carnes
Molly's Chambers;Kings of Leon
Sex On Fire;Kings of Leon
Use Somebody;Kings of Leon
Sex On Fire [SC Karaoke];Kings Of Leon
Use Somebody [SC Karaoke];Kings Of Leon
God Gave Rock & Roll To You;Kiss
I Was Made For Lovin' You;Kiss
Lick It Up;Kiss
Rock and Roll All Nite;Kiss
Beth [SC Karaoke];Kiss
Calling Dr. Love [SC Karaoke];Kiss
Christine Sixteen [SC Karaoke];Kiss
Detroit Rock City [SC Karaoke];Kiss
Deuce [SC Karaoke];Kiss
Firehouse [SC Karaoke];Kiss
Forever [SC Karaoke];Kiss
God Gave Rock 'n' Roll To You;Kiss
God Of Thunder [SC Karaoke];Kiss
Hard Luck Woman [SC Karaoke];Kiss
Heaven’S On Fire [SC Karaoke];Kiss
I Love It Loud [SC Karaoke];Kiss
I Was Made For Loving You [SC;Kiss
Lick It Up [SC Karaoke];Kiss
Love Gun [SC Karaoke];Kiss
Psycho Circus [SC Karaoke];Kiss
Rock & Roll All Nite [SC Karao;Kiss
Shout It Out Loud [SC Karaoke];Kiss
Strutter [SC Karaoke];Kiss
My Sharona [SC Karaoke];Knack
Celebration [SC Karaoke];Kool & Gang
Get Down On It;Kool & Gang
Celebration;Kool And Gang
Freak On A Leash [SC Karaoke];Korn
Come Into My World;Kylie Minogue
Can't Get You Out Of My Head [;Kylie Minoque
Sweet Dreams [SC Karaoke];La Bouche
Alejandro;Lady Gaga
Bad Romance;Lady Gaga
Born This Way;Lady Gaga
Judas;Lady Gaga
Marry The Night;Lady Gaga
Million Reasons;Lady Gaga
Paparazzi;Lady Gaga
Poker Face;Lady Gaga
The Cure;Lady Gaga
The Edge Of Glory;Lady Gaga
Poker Face [SC Karaoke];Lady GaGa
Telephone;Lady Gaga feat. Beyonce
Just Dance;Lady Gaga feat. Colby O'Donis
Pray;Lasgo
Something [SC Karaoke];Lasgo
Gloria [SC Karaoke];Laura Branigan
La solitudine;Laura Pausini
Strani Amori;Laura Pausini
How Do I Live;LeAnn Rimes
Black Dog [SC Karaoke];Led Zeppelin
Communication Breakdown [SC Ka;Led Zeppelin
D'yer Maker [SC Karaoke];Led Zeppelin
Good Times Bad Times [SC Karao;Led Zeppelin
Heartbreaker [SC Karaoke];Led Zeppelin
Houses Of The Holy [SC Karaoke;Led Zeppelin
Kashmir [SC Karaoke];Led Zeppelin
Over The Hills & Far Away [SC;Led Zeppelin
Rock And Roll [SC Karaoke];Led Zeppelin
Stairway To Heaven [SC Karaoke;Led Zeppelin
Whole Lotta Love [SC Karaoke];Led Zeppelin
Again;Lenny Kravitz
American Woman;Lenny Kravitz
Fly Away;Lenny Kravitz
Again [SC Karaoke];Lenny Kravitz
Are You Gonna Go My Way [SC Ka;Lenny Kravitz
Dig In [SC Karaoke];Lenny Kravitz
Fly Away [SC Karaoke];Lenny Kravitz
I Belong To You [SC Karaoke];Lenny Kravitz
High [SC Karaoke];Lighthouse Family
Lifted;Lighthouse Family
Rollin' [SC Karaoke];Limp Bizkit
Crawling [SC Karaoke];Linkin Park
In The End [SC Karaoke];Linkin Park
Rapture;Lio
Can You Feel The Love Tonight;Lion King
All Night Long;Lionel Richie
All Night Long [SC Karaoke];Lionel Richie
Say You Say Me [SC Karaoke];Lionel Richie
Good Golly Miss Molly [SC Kara;Little Richard
Long Tall Sally [SC Karaoke];Little Richard
Lucille [SC Karaoke];Little Richard
Tutti Fruitti [SC Karaoke];Little Richard
I Alone;Live
Dolphin's Cry [SC Karaoke];Live
I Alone [SC Karaoke];Live
Macarena;Los Del Rio
Macarena [SC Karaoke];Los Del Rio
La Bamba;Los Lobos
Mambo No. 5;Lou Bega
Mambo No. 5 [SC Karaoke];Lou Bega
Satellite Of Love;Lou Reed
Sweet Jane [SC Karaoke];Lou Reed
Walk On The Wild Side [SC Kara;Lou Reed
What A Wonderful World [SC Kar;Louis Armstrong
What A Wonderful World;Louis Armstrong
Despacito (Remix);Luis Fonsi & Daddy Yankee (feat. Justin Bieber)
Despacito;Luis Fonsi feat. Daddy Yankee
La barca;Luis Miguel
Simple Man;Lynyrd Skynyrd
Sweet Home Alabama;Lynyrd Skynyrd
Free Bird [SC Karaoke];Lynyrd Skynyrd
Needle & The Spoon [SC Karaoke;Lynyrd Skynyrd
Red White And Blue [SC Karaoke;Lynyrd Skynyrd
Simple Man [SC Karaoke];Lynyrd Skynyrd
Sweet Home Alabama [SC Karaoke;Lynyrd Skynyrd
That Smell [SC Karaoke];Lynyrd Skynyrd
Tuesday's Gone [SC Karaoke];Lynyrd Skynyrd
What's Your Name [SC Karaoke];Lynyrd Skynyrd
Working For MCA [SC karaoke];Lynyrd Skynyrd
Moving On Up;M People
One Night In Heaven;M People
Our House;Madness
Borderline;Madonna
Holiday;Madonna
Like A Virgin;Madonna
Material Girl;Madonna
Papa Don't Preach;Madonna
American Life [SC Karaoke];Madonna
American Pie [SC Karaoke];Madonna
Beautiful Stranger [SC Karaoke;Madonna
Borderline [SC Karaoke];Madonna
Crazy For You [SC Karaoke];Madonna
Die Another Day [SC Karaoke];Madonna
Don't Tell Me [SC Karaoke];Madonna
Dress You Up [SC Karaoke];Madonna
Erotica [SC Karaoke];Madonna
Holiday [SC Karaoke];Madonna
Hollywood [SC Karaoke];Madonna
La Isla Bonita;Madonna
Like A Virgin [SC Karaoke];Madonna
Live To Tell [SC Karaoke];Madonna
Lucky Star [SC Karaoke];Madonna
Material Girl [SC Karaoke];Madonna
Music [SC Karaoke];Madonna
Nothing Really Matters [SC Kar;Madonna
Open Your Heart [SC Karaoke];Madonna
Power Of Goodbye [SC Karaoke];Madonna
Secret [SC Karaoke];Madonna
Take A Bow [SC Karaoke];Madonna
Vogue [SC Karaoke];Madonna
What It Feels Like For A Girl;Madonna
Who's That Girl [SC Karaoke];Madonna
Rude;MAGIC!
Felices los 4;Maluma
California Dreamin' [SC Karaok;Mama's & Papa's
Dreamlover [SC Karaoke];Mariah Carey
Emotions [SC Karaoke];Mariah Carey
Shake It Off [SC Karaoke];Mariah Carey
Kayleigh;Marillion
One More Night;Maroon 5
She Will Be Loved;Maroon 5
Sugar;Maroon 5
Sunday Morning;Maroon 5
This Love;Maroon 5
She Will Be Loved [SC Karaoke];Maroon 5
Sunday Morning [SC Karaoke];Maroon 5
This Love [SC Karaoke];Maroon 5
Moves Like Jagger;Maroon 5 feat. Christina Aguilera
Cold;Maroon 5 feat. Future
What Lovers Do;Maroon 5 feat. SZA
Pump Up The Volume [SC Karaoke;Marrs
I Heard It Through The Grapevine;Marvin Gaye
Heard It Through The Grapevine;Marvin Gaye
Let's Get It On [SC Karaoke];Marvin Gaye
Sexual Healing [SC Karaoke];Marvin Gaye
Bent [SC Karaoke];Matchbox 20
Disease [SC Karaoke];Matchbox 20
Mad Season [SC Karaoke];Matchbox 20
Push [SC Karaoke];Matchbox 20
Unwell [SC Karaoke];Matchbox 20
Disease;Matchbox Twenty
Push;Matchbox Twenty
Unwell;Matchbox Twenty
Blue Moon;Mavericks
Close to You;Maxi Priest
Rock Your Baby;McCrae, George
Don't Worry Be Happy;Mcferrin, Bobby
All About That Bass;Meghan Trainor
Never Be The Same Again;Mel C Feat Left Eye
Down Under;Men At Work
It's A Mistake;Men At Work
Overkill;Men At Work
Who Can It Be Now;Men At Work
Bitch [SC Karaoke];Meredith Brooks
Whiskey In The Jar;Metallica
Enter Sandman [SC Karaoke];Metallica
Fade To Black [SC Karaoke];Metallica
For Whom The Bell Tolls [SC Ka;Metallica
Fuel [SC Karaoke];Metallica
Hero Of The Day [SC Karaoke];Metallica
Jump In Fire [SC Karaoke];Metallica
Master Of Puppets [SC Karaoke];Metallica
Memory Remains [SC Karaoke];Metallica
Nothing Else Matters [SC Karao;Metallica
Sad But True [SC Karaoke];Metallica
Seek And Destroy [SC Karaoke];Metallica
Turn The Page [SC Karaoke];Metallica
Unforgiven [SC Karaoke];Metallica
Until It Sleeps [SC Karaoke];Metallica
Whiskey In The Jar [SC Karaoke;Metallica
Come Fly With Me [SC Karaoke];Michael Buble
Home [SC Karaoke];Michael Buble
Save The Last Dance [SC Karaok;Michael Buble
Spider Man Theme [SC Karaoke];Michael Buble
Bad;Michael Jackson
Beat It;Michael Jackson
Billie Jean;Michael Jackson
Black Or White;Michael Jackson
Don't Stop 'Til You Get Enough;Michael Jackson
Man In The Mirror;Michael Jackson
Smooth Criminal;Michael Jackson
Beat It [SC Karaoke];Michael Jackson
Billie Jean [SC Karaoke];Michael Jackson
Black Or White [SC Karaoke];Michael Jackson
Heal The World [SC Karaoke];Michael Jackson
Man In The Mirror [SC Karaoke];Michael Jackson
Thriller (Long Version0 [SC Ka;Michael Jackson
Way You Make Me Feel [SC Karao;Michael Jackson
The Girl Is Mine [SC Karaoke];Michael Jackson & Paul McCartn
The Girl Is Mine;Michael Jackson & Paul McCartney
Beds Are Burning;Midnight Oil
The Dead Heart;Midnight Oil
Beds Are Burning [SC Karaoke];Midnight Oil
Impression That I Get [SC Kara;Mighty Mighty Bosstones
Over My Shoulder;Mike & Mechanics
Girl You Know It's True;Milli Vanilli
Lady;Modjo
I'm A Believer;Monkees
Dr Feelgood [SC Karaoke];Motley Crue
Girls Girls Girls [SC Karaoke];Motley Crue
Home Sweet Home [SC Karaoke];Motley Crue
Looks That Kill [SC Karaoke];Motley Crue
Ten Seconds To Love [SC Karaok;Motley Crue
Wild Side [SC Karaoke];Motley Crue
Ace Of Spades;Motorhead
Just Take My Heart [SC Karaoke;Mr Big
Wild World [SC Karaoke];Mr Big
Broken Wings [SC Karaoke];Mr Mister
To Be With You;Mr. Big
Girlfriend [SC Karaoke];N Sync
Pop [SC Karaoke];N Sync
Torn;Natalie Imbruglia
Torn [SC Karaoke];Natalie Imbruglia
Wishing I Was There [SC Karaok;Natalie Imbruglia
Hair Of The Dog [SC Karaoke];Nazareth
Love Hurts [SC Karaoke];Nazareth
Rockin In The Free World;Neil Young
I'm Like A Bird;Nelly Furtado
Turn Off The Light;Nelly Furtado
I'm Like A Bird [SC Karaoke];Nelly Furtado
Powerless (Say What You Want);Nelly Furtado
Turn Off The Light [SC Karaoke;Nelly Furtado
Promiscuous [SC Karaoke];Nelly Furtado & Timbaland
99 Red Balloons;Nena
99 Red Balloons [SC Karaoke];Nena
Bizarre Love Triangle [SC Kara;New Order
You Get What You Give;New Radicals
You Get What You Give [SC Kara;New Radicals
Feelin' Way Too Damn Good [SC;Nickelback
Never Again [SC Karaoke];Nickelback
Someday [SC Karaoke];Nickelback
Too Bad [SC Karaoke];Nickelback
Come As You Are;Nirvana
Smells Like Teen Spirit (Video Edit);Nirvana
The Man Who Sold The World;Nirvana
About A Girl [SC Karaoke];Nirvana
All Apologies [SC Karaoke];Nirvana
Come As You Are [SC Karaoke];Nirvana
Heart Shaped Box [SC Karaoke];Nirvana
In Bloom [SC Karaoke];Nirvana
Man Who Sold The World [SC Kar;Nirvana
Smells Like Teen Spirit [SC Ka;Nirvana
The Man Who Sold The World [SC;Nirvana
You Know You're Right [SC Kara;Nirvana
Sister [SC Karaoke];Nixons
Don't Speak;No Doubt
Just A Girl;No Doubt
Just A Girl [SC Karaoke];No Doubt
Spiderwebs [SC Karaoke];No Doubt
Don't Go Away;Oasis
Don't Look Back In Anger [SC K;Oasis
Go Let It Out [SC Karaoke];Oasis
Stand By Me;Oasis
Wonderwall [SC Karaoke];Oasis
Hit That;Offspring
Original Prankster;Offspring
Pretty Fly (For a White Guy);Offspring
Self Esteem;Offspring
The Kids Aren't Alright;Offspring
Why Don't You Get a Job;Offspring
Come Out And Play [SC Karaoke];Offspring
Kids Aren't Alright [SC Karaok;Offspring
Original Prankster [SC Karaoke;Offspring
Pretty Fly For A White Guy [SC;Offspring
Self Esteem [SC Karaoke];Offspring
Why Dont You Get A Job [SC Kar;Offspring
Not My Slave;Oingo Boingo
Stay;Oingo Boingo
Dead Man's Party [SC Karaoke];Oingo Boingo
Little Girls [SC Karaoke];Oingo Boingo
Weird Science [SC Karaoke];Oingo Boingo
What Makes You Beautiful;One Direction
Your Love;Outfield
Hey Ya! [SC Karaoke];Outkast
Crazy Train;Ozzy Osbourne
Mama, I'm Coming Home;Ozzy Osbourne
Mr. Crowley;Ozzy Osbourne
No More Tears;Ozzy Osbourne
Shot In The Dark;Ozzy Osbourne
Bark At The Moon [SC Karaoke];Ozzy Osbourne
Crazy Train [SC Karaoke];Ozzy Osbourne
Dreamer [SC Karaoke];Ozzy Osbourne
Mama I'm Coming Home [SC Karao;Ozzy Osbourne
Mister Crowley [SC Karaoke];Ozzy Osbourne
No More Tears [SC Karaoke];Ozzy Osbourne
Over The Mountain [SC Karaoke];Ozzy Osbourne
Shot In The Dark [SC Karaoke];Ozzy Osbourne
Alive [SC Karaoke];P.O.D.
Hit Me With Your Best Shot [SC;Pat Benatar
No More Lonely Nights;Paul McCartney
Say Say Say;Paul McCartney
Jet [SC Karaoke];Paul McCartney
Junior's Farm [SC Karaoke];Paul McCartney
Silly Love Songs [SC Karaoke];Paul McCartney
The World Tonight [SC Karaoke];Paul McCartney
World Tonight [SC Karaoke];Paul McCartney
Band On The Run [SC Karaoke];Paul McCartney & Wings
Let Me Roll It [SC Karaoke];Paul McCartney & Wings
My Love [SC Karaoke];Paul Mccartney & Wings
Straight Up [SC Karaoke];Paula Abdul
Alive;Pearl Jam
Black;Pearl Jam
Daughter;Pearl Jam
Even Flow;Pearl Jam
Jeremy;Pearl Jam
Last Kiss;Pearl Jam
Better Man [SC Karaoke];Pearl Jam
Black [SC Karaoke];Pearl Jam
Daughter [SC Karaoke];Pearl Jam
Jeremy [SC Karaoke];Pearl Jam
It's A Sin [SC Karaoke];Pet Shop Boys
West End Girls;Pet Shop Boys,
Baby I Love Your Way;Peter Frampton
Show Me The Way;Peter Frampton
Baby I Love Your Way [SC Karao;Peter Frampton
Show Me The Way [SC Karaoke];Peter Frampton
Sledgehammer;Peter Gabriel
Big Time [SC Karaoke];Peter Gabriel
In Your Eyes [SC Karaoke];Peter Gabriel
Red Rain [SC Karaoke];Peter Gabriel
Sledgehammer [SC Karaoke];Peter Gabriel
Solsbury Hill [SC Karaoke];Peter Gabriel
Major Tom (Coming Home) [SC Ka;Peter Schilling
Happy;Pharrell Williams
Against All Odds (Take A Look At Me Now);Phil Collins
Another Day In Paradise;Phil Collins
Against All Odds [SC Karaoke];Phil Collins
Can't Stop Loving You [SC Kara;Phil Collins
I Missed Again [SC Karaoke];Phil Collins
Sussudio [SC Karaoke];Phil Collins
F**kin' Perfect;Pink
What About Us;Pink
Don't Let Me Get Me [SC Karaok;Pink
Family Portrait [SC Karaoke];Pink
Get the Party Started [SC Kara;Pink
God Is A Dj [SC Karaoke];Pink
Just Like A Pill [SC Karaoke];Pink
Another Brick In The Wall (Par;Pink Floyd
Brain Damage Eclipse [SC Karao;Pink Floyd
Comfortably Numb [SC Karaoke];Pink Floyd
Have A Cigar [SC Karaoke];Pink Floyd
Hey You [SC Karaoke];Pink Floyd
Money [SC Karaoke];Pink Floyd
Take It Back [SC Karaoke];Pink Floyd
Time;Pink Floyd
Wish You We're Here [SC Karaok;Pink Floyd
Here Comes Your Man;Pixies
Where Is My Mind?;Pixies
Every Rose Has Its Thorn [SC K;Poison
Fallen Angel [SC Karaoke];Poison
I Want Action [SC Karaoke];Poison
I Won't Forget You [SC Karaoke;Poison
Look What The Cat Dragged In [;Poison
Nothin' But A Good Time [SC Ka;Poison
Something To Believe In [SC Ka;Poison
Talk Dirty To Me [SC Karaoke];Poison
Unskinny Bop [SC Karaoke];Poison
Your Mama Don't Dance [SC Kara;Poison
Every Breath You Take;Police
Message In A Bottle;Police
De Do Do Do De Da Da Da [SC Ka;Police
Don't Stand So Close To Me [SC;Police
Every Breath You Take [SC Kara;Police
Every Little Thing She Does Is;Police
Message In A Bottle [SC Karaok;Police
Roxanne [SC Karaoke];Police
So Lonely [SC Karaoke];Police
Walking On The Moon [SC Karaok;Police
Back On The Chain Gang;Pretenders
Don't Get Me Wrong;Pretenders
Back On The Chain Gang [SC Kar;Pretenders
Brass In Pocket [SC Karaoke];Pretenders
Don't Get Me Wrong [SC Karaoke;Pretenders
Everyday Is Like Sunday [SC Ka;Pretenders
I'll Stand By You [SC Karaoke];Pretenders
Middle Of The Road [SC Karaoke;Pretenders
Kiss [SC Karaoke];Prince
Purple Rain [SC Karaoke];Prince
When Doves Cry [SC Karaoke];Prince
Breathe;Prodigy
Stickwitu [SC Karaoke];Pussycat Dolls
Don't Cha [SC Karaoke];Pussycat Dolls & Busta Rhymes
Bohemian Rhapsody;Queen
Crazy Little Thing Called Love;Queen
Don't Stop Me Now;Queen
I Want It All;Queen
I Want To Break Free;Queen
Radio Ga Ga;Queen
Save Me;Queen
The Show Must Go On;Queen
We Are The Champions;Queen
We Will Rock You;Queen
Another One Bites The Dust [SC;Queen
Bicycle Race [SC Karaoke];Queen
Bohemian Rhapsody [SC Karaoke];Queen
Fat Bottomed Girls [SC Karaoke;Queen
Radio Ga Ga [SC Karaoke];Queen
We Are The Champions [SC Karao;Queen
We Will Rock You [SC Karaoke];Queen
Who Wants To Live Forever [SC;Queen
Under Pressure;Queen & David Bowie
A Kind of Magic;Queen (Highlander)
Another Rainy Night Without Yo;Queensryche
Silent Lucidity [SC Karaoke];Queensryche
Cum On Feel The Noize [SC Kara;Quiet Riot
Metal Health [SC Karaoke];Quiet Riot
Creep [SC Karaoke];Radiohead
Fake Plastic Trees [SC Karaoke;Radiohead
High & Dry [SC Karaoke];Radiohead
Optimistic [SC Karaoke];Radiohead
Bulls On Parade [SC Karaoke];Rage Against Machine
Guerrilla Radio [SC Karaoke];Rage Against Machine
Killing In The Name (Explicit);Rage Against Machine
Man On The Silver Mountain [SC;Rainbow
Blitzkrieg Bop [SC Karaoke];Ramones
Rock 'N' Roll High School [SC;Ramones
Sheena Is A Punk Rocker [SC Ka;Ramones
I Wanna Be Sedated;Ramones
Pet Sematary;Ramones
Rock n Roll High School;Ramones
Hit The Road Jack;Ray Charles
Hit The Road Jack [SC Karaoke];Ray Charles
I Like To Move It;Real 2 Real
By The Way;Red Hot Chili Peppers
Californication;Red Hot Chili Peppers
Dani California;Red Hot Chili Peppers
Otherside;Red Hot Chili Peppers
Snow (Hey Oh);Red Hot Chili Peppers
Under The Bridge;Red Hot Chili Peppers
Aeroplane [SC Karaoke];Red Hot Chili Peppers
Around The World [SC Karaoke];Red Hot Chili Peppers
By The Way [SC Karaoke];Red Hot Chili Peppers
Californication [SC Karaoke];Red Hot Chili Peppers
Give It Away [SC Karaoke];Red Hot Chili Peppers
Otherside [SC Karaoke];Red Hot Chili Peppers
Scar Tissue [SC Karaoke];Red Hot Chili Peppers
Under The Bridge [SC Karaoke];Red Hot Chili Peppers
Daysleeper [SC Karaoke];REM
Everybody Hurts [SC Karaoke];REM
Imitation Of Life [SC Karaoke];REM
It's The End Of The World As W;REM
Losing My Religion [SC Karaoke;REM
Man On The Moon [SC Karaoke];REM
Orange Crush [SC Karaoke];REM
Stand [SC Karaoke];REM
Angelia;Richard Marx
Hard Times Come Easy [SC Karao;Richie Sambora
Come On Let's Go [SC Karaoke];Richie Valens
Donna [SC Karaoke];Richie Valens
Never Gonna Give You Up;Rick Astley
Never Gonna Give You Up [SC Ka;Rick Astley
Livin' La Vida Loca;Ricky Martin
Maria (Un, dos, tres);Ricky Martin
Livin' La Vida Loca (English);Ricky Martin
She Bangs [SC Karaoke];Ricky Martin
Nobody Wants To Be Lonely [SC;Ricky Martin & Christina Aguil
I'm Too Sexy;Right Said Fred
California King Bed;Rihanna
Diamonds;Rihanna
Disturbia;Rihanna
Don't Stop The Music;Rihanna
Only Girl (In The World);Rihanna
S&M;Rihanna
SOS;Rihanna
We Found Love;Rihanna feat. Calvin Harris
What's My Name;Rihanna feat. Drake
Umbrella;Rihanna feat. Jay-Z
Hate That I Love You;Rihanna feat. Ne-Yo
Angels;Robbie Williams
Feel;Robbie Williams
Angels [SC Karaoke];Robbie Williams
Feel [SC Karaoke];Robbie Williams
Addicted To Love [SC Karaoke];Robert Palmer
Bad Case Of Lovin' You [SC Kar;Robert Palmer
Simply Irresistible [SC Karaok;Robert Palmer
Show Me Love [SC Karaoke];Robin S
Da Ya Think I'm Sexy?;Rod Stewart
Forever Young;Rod Stewart
I Don't Want To Talk About It (Live);Rod Stewart
Maggie May;Rod Stewart
Sailing;Rod Stewart
Tonight's The Night (Gonna Be Alright);Rod Stewart
Cigarettes & Alcohol [SC Karao;Rod Stewart
Do Ya Think I'm Sexy [SC Karao;Rod Stewart
Every Picture Tells A Story [S;Rod Stewart
Hot Legs [SC Karaoke];Rod Stewart
I Don't Want To Talk About It;Rod Stewart
Leave Virginia Alone [SC karao;Rod Stewart
Maggie May [SC Karaoke];Rod Stewart
People Get Ready [SC Karaoke];Rod Stewart
Reason To Believe [SC Karaoke];Rod Stewart
Rhythm Of My Heart [SC Karaoke;Rod Stewart
Tonight's The Night [SC Karaok;Rod Stewart
You Wear It Well [SC Karaoke];Rod Stewart
Tuyo - Narcos;Rodrigo Amarante
(I Can't Get No) Satisfaction;Rolling Stones
Gimme Shelter;Rolling Stones
Honky Tonk Women;Rolling Stones
Jumpin' Jack Flash;Rolling Stones
Paint It Black;Rolling Stones
Start Me Up;Rolling Stones
Sympathy For The Devil;Rolling Stones
Angie [SC Karaoke];Rolling Stones
Beast Of Burden [SC Karaoke];Rolling Stones
Brown Sugar [SC Karaoke];Rolling Stones
Gimme Shelter [SC Karaoke];Rolling Stones
Honky Tonk Women [SC Karaoke];Rolling Stones
I Can't Get No Satisfaction [S;Rolling Stones
It's Only Rock & Roll [SC Kara;Rolling Stones
Jumpin Jack Flash [SC Karaoke];Rolling Stones
Let's Spend The Night Together;Rolling Stones
Miss You [SC Karaoke];Rolling Stones
Mixed Emotions [SC Karaoke];Rolling Stones
Paint It Black [SC Karaoke];Rolling Stones
Rock And A Hard Place [SC Kara;Rolling Stones
Satisfaction [SC Karaoke];Rolling Stones
She's So Cold [SC Karaoke];Rolling Stones
Start Me Up [SC Karaoke];Rolling Stones
Street Fighting Man [SC Karaok;Rolling Stones
Sympathy For The Devil [SC Kar;Rolling Stones
Under My Thumb [SC Karaoke];Rolling Stones
Wild Horses [SC Karaoke];Rolling Stones
You Can't Always Get What You;Rolling Stones
You Got Me Rocking [SC Karaoke;Rolling Stones
Talking In Your Sleep [SC Kara;Romantics
Rainbow in the Dark;Ronnie James Dio
Fading Like a Flower;Roxette
How Do You Do!;Roxette
It Must Have Been Love;Roxette
Joyride;Roxette
Listen to Your Heart;Roxette
Spending My Time;Roxette
The Look;Roxette
It Must Have Been Love [SC Kar;Roxette
Listen To Your Heart [SC Karao;Roxette
The Look [SC Karaoke];Roxette
Pretty Woman [SC Karaoke];Roy Orbinson
You Got It [SC Karaoke];Roy Orbinson
Oh, Pretty Woman;Roy Orbison
You Got It;Roy Orbison
Smooth Operator;Sade
Heavy Metal [SC Karaoke];Sammy Hagar
I Can't Drive 55 [SC Karaoke];Sammy Hagar
Little White Lie [SC Karaoke];Sammy Hagar
Mas Tequila [SC Karaoke];Sammy Hagar
Serious Juju [SC Karaoke];Sammy Hagar
Your Love Is Driving Me Crazy;Sammy Hagar
Corazon Espinado;Santana
Maria Maria [SC Karaoke];Santana
Smooth [SC Karaoke];Santana
Why Don't You & I [SC Karaoke];Santana & Chad Kroeger
Feels Like Fire [SC Karaoke];Santana & Dido
Wishing It Was [SC Karaoke];Santana & Eagle Eye Cherry
The Game Of Love;Santana & Michelle Branch
Game Of Love [SC Karaoke];Santana & Michelle Branch
I'm Feeling You [SC Karaoke];Santana & Michelle Branch
Maria Maria;Santana & Product G&B
Smooth;Santana & Rob Thomas
I'm Feeling You;Santana feat. Michelle Branch & Wreckers
Just Feel Better;Santana feat. Steven Tyler
Truly Madly Deeply [SC Karaoke;Savage Garden
Big City Nights [SC Karaoke];Scorpions
No One Like You [SC Karaoke];Scorpions
Rock You Like A Hurricane [SC;Scorpions
Still Loving You [SC Karaoke];Scorpions
Wind Of Change [SC Karaoke];Scorpions
Kiss From a Rose;Seal
Fly Like An Eagle [SC Karaoke];Seal
Human Beings [SC Karaoke];Seal
Kiss From A Rose [SC Karaoke];Seal
Broken (Duet Version) [SC Kara;Seether
Closing Time;Semisonic
Closing Time [SC Karaoke];Semisonic
Secret Smile [SC Karaoke];Semisonic
God Save The Queen;Sex Pistols
Anarchy In The Uk [SC Karaoke];Sex Pistols
God Save The Queens;Sex Pistols,
Boombastic [SC Karaoke];Shaggy
It Wasn't Me [SC Karaoke];Shaggy & Ricardo Rikrok Ducent
Ojos Asi;Shakira
She Wolf;Shakira
Underneath Your Clothes;Shakira
Waka Waka (This Time For Africa);Shakira
Whenever, Wherever;Shakira
Estoy Aqui;Shakira
Objection (Tango) [SC Karaoke];Shakira
Un Poco De Amor;Shakira
Underneath Your Clothes [SC Ka;Shakira
Whenever Wherever;Shakira
Hips Don't Lie;Shakira feat. Wyclef Jean
Man! I Feel Like A Woman!;Shania Twain
(If Your Not In It For Love) I;Shania Twain
Man I Feel Like A Woman [SC Ka;Shania Twain
Stitches;Shawn Mendes
Treat You Better;Shawn Mendes
All I Wanna Do [SC Karaoke];Sheryl Crow
If It Makes You Happy [SC Kara;Sheryl Crow
My Favorite Mistake [SC Karaok;Sheryl Crow
Soak Up The Sun [SC Karaoke];Sheryl Crow
Chandelier;Sia
Cheap Thrills;Sia
Alive And Kicking;Simple Minds
Don't You (Forget About Me);Simple Minds
Mandela Day;Simple Minds
Alive And Kicking [SC Karaoke];Simple Minds
Dont You Forget About Me [SC K;Simple Minds
Stars;Simply Red
Sunrise;Simply Red
Holding Back The Years;Simply Red
If You Don't Know Me By Now [S;Simply Red
Say You Love Me;Simply Red
Track 13;Simply Red
YOU MAKE ME FEEL BRAND NEW - SIMPLY RED;Simply Red
We Are Family;Sister Sledge
Kiss Me;Sixpence None Richer
Breathe Your Name [SC Karaoke];Sixpence None Richer
Kiss Me [SC Karaoke];Sixpence None Richer
There She Goes [SC Karaoke];Sixpence None Richer
18 And Life;Skid Row
18 And Life [SC Karaoke];Skid Row
I Remember You [SC Karaoke];Skid Row
Monkey Business [SC Karaoke];Skid Row
Wasted Time [SC Karaoke];Skid Row
Youth Gone Wild [SC Karaoke];Skid Row
Seasons In The Abyss [SC Karao;Slayer
Wait And Bleed [SC Karaoke];Slipknot
Can't Get Enough Of You Baby [;Smash Mouth
Walkin' On The Sun [SC Karaoke;Smash Mouth
1979;Smashing Pumpkins
Tonight, Tonight;Smashing Pumpkins
1979 [SC Karaoke];Smashing Pumpkins
Today [SC Karaoke];Smashing Pumpkins
Tonight Tonight [SC Karaoke];Smashing Pumpkins
Zero [SC Karaoke];Smashing Pumpkins
How Soon Is Now [SC Karaoke];Smiths
Ask;Smiths
Bigmouth Strikes Again;Smiths
Heaven Knows I'm Miserable Now;Smiths
How Soon Is Now?;Smiths
Panic;Smiths
The Boy with the Thorn in His Side;Smiths
There Is A Light That Never Goes Out;Smiths
This Charming Man;Smiths
Cruisin' [SC Karaoke];Smokey Robinson & Miracles
Rhythm Is A Dancer;Snap
Signs (Explicit) [SC Karaoke];Snoop Dogg & Charlie Wilson &
Drop It Like It's Hot [SC Kara;Snoop Dogg & Pharrell
Beautiful [SC Karaoke];Snoop Dogg & Pharrell & Uncle
Informer [SC Karaoke];Snow
Open Your Eyes;Snow Patrol
Tainted Love;Soft Cell
Tainted Love [SC Karaoke];Soft Cell
I Got You Babe;Sonny & Cher
I Got You Babe [SC Karaoke];Sonny & Cher
The Beat Goes On (Duet) [SC Ka;Sonny & Cher
Murder On The Dance Floor;Sophie Ellis Bextor
Runaway Train;Soul Asylum
I Will Still Be Laughing [SC K;Soul Asylum
Misery [SC Karaoke];Soul Asylum
Runaway Train [SC Karaoke];Soul Asylum
Without A Trace [SC Karaoke];Soul Asylum
Wannabe;Spice Girls
Goodbye [SC Karaoke];Spice Girls
Stop [SC Karaoke];Spice Girls
Too Much [SC Karaoke];Spice Girls
Bigger I Laugh Harder I Cry [S;Spin Doctors
Jimmy Olsen's Blues [SC Karaok;Spin Doctors
Two Princes [SC Karaoke];Spin Doctors
Molly [SC Karaoke];Sponge
Born To Be Wild;Steppenwolf
Born To Be Wild [SC Karaoke];Steppenwolf
Magic Carpet Ride [SC Karaoke];Steppenwolf
The Joker;Steve Miller Band
Joker [SC Karaoke];Steve Miller Band
Living In The U.S.A. [SC Karao;Steve Miller Band
Take The Money And Run [SC Kar;Steve Miller Band
Pride And Joy;Stevie Ray Vaughan
Pride & Joy [SC Karaoke];Stevie Ray Vaughan
Sky Is Crying [SC Karaoke];Stevie Ray Vaughan
Texas Flood [SC Karaoke];Stevie Ray Vaughan
I Just Called To Say I Love You;Stevie Wonder
Boogie On Reggae Woman [SC Kar;Stevie Wonder
Don't You Worry About A Thing;Stevie Wonder
For Once In My Life [SC Karaok;Stevie Wonder
For Your Love [SC Karaoke];Stevie Wonder
Happy Birthday [SC Karaoke];Stevie Wonder
Higher Ground [SC Karaoke];Stevie Wonder
I Just Called To Say I Love Yo;Stevie Wonder
I Wish [SC Karaoke];Stevie Wonder
Livin' For The City [SC Karaok;Stevie Wonder
My Cherie Amour [SC Karaoke];Stevie Wonder
Signed, Sealed, Delivered I'm;Stevie Wonder
Superstition [SC Karaoke];Stevie Wonder
Long Time Gone [SC Karaoke];Stills Crosby & Nash
Marrakesh Express [SC Karaoke];Stills Crosby & Nash
Helplessly Hoping [SC Karaoke];Stills Crosby & Nash & Young
Englishman In New York;Sting
Fields of Gold;Sting
Plush;Stone Temple Pilots
Lady Picture Show [SC Karaoke];Stone Temple Pilots
Rock This Town [SC Karaoke];Stray Cats
Sexy & 17 [SC Karaoke];Stray Cats
12:51;Strokes
Last Nite;Strokes
Someday;Strokes
Last Night [SC Karaoke];Strokes
You Make Me Feel Brand New [SC;Stylistics
Blue Collar Man (Long Nights);Styx
Mr. Roboto [SC Karaoke];Styx
Snowblind [SC Karaoke];Styx
Too Much Time On My Hands [SC;Styx
Santeria;Sublime
What I Got;Sublime
Badfish [SC Karaoke];Sublime
What I Got [SC Karaoke];Sublime
Every Morning;Sugar Ray
Fly;Sugar Ray
Answer The Phone [SC Karaoke];Sugar Ray
Every Morning [SC Karaoke];Sugar Ray
When It's Over [SC Karaoke];Sugar Ray
The Logical Song;Supertramp
Bloody Well Right [SC Karaoke];Supertramp
Breakfast In America [SC Karao;Supertramp
Give A Little Bit [SC Karaoke];Supertramp
Goodbye Stranger [SC Karaoke];Supertramp
Logical Song [SC Karaoke];Supertramp
Eye Of The Tiger;Survivor
Eye Of The Tiger [SC Karaoke];Survivor
Don't You Worry Child;Swedish House Mafia feat. John Martin
Fox On The Run [SC Karaoke];Sweet
Little Willy [SC Karaoke];Sweet
Love Is Like Oxygen [SC Karaok;Sweet
Boogie Fever [SC Karaoke];Sylvers
Hot Line [SC Karaoke];Sylvers
Aerials [SC Karaoke];System Of A Down
B.Y.O.B. [SC Karaoke];System Of A Down
Chop Suey [SC Karaoke];System Of A Down
Sugar [SC Karaoke];System Of A Down
All About Us;T.A.T.U
All the Things She Said;t.A.T.u.
Not Gonna Get Us;t.A.T.u.
All The Things She Said [SC Ka;T.A.T.U.
Back For Good;Take That
Talk Talk [SC Karaoke];Talk Talk
Burning Down The House [SC Kar;Talking Heads
Psycho Killer;Talking Heads
Wild Wild Life;Talking Heads
Bad Blood;Taylor Swift
Everybody Wants To Rule The World;Tears For Fears
Head Over Heels;Tears For Fears
Shout;Tears For Fears
Sowing the Seeds of Love;Tears For Fears
Change [SC Karaoke];Tears For Fears
Head Over Heels [SC Karaoke];Tears For Fears
Shout [SC Karaoke];Tears For Fears
Sowing The Seeds Of Love [SC K;Tears For Fears
Woman In Chains;Tears For Fears feat. Oleta Adams
Get Up! (Before The Night Is Over);Technotronic
Move This (Shake That Body);Technotronic
Pump Up the Jam;Technotronic
Cat Scratch Fever [SC Karaoke];Ted Nugent
Hey Baby [SC Karaoke];Ted Nugent
Jailbreak [SC Karaoke];Thin Lizzy
I Hate Everything About You;Three Days Grace
Disco Inferno;Tina Turner
Let's Stay Together;Tina Turner
The Best;Tina Turner
We Don't Need Another Hero (Thunderdome);Tina Turner
What's Love Got To Do With It;Tina Turner
Best [SC Karaoke];Tina Turner
Open Arms [SC Karaoke];Tina Turner
Private Dancer [SC Karaoke];Tina Turner
Whatever You Need [SC Karaoke];Tina Turner
Sexbomb (Live);Tom Jones
Sex Bomb;Tom Jones & Mousee T
Free Fallin';Tom Petty
Learning To Fly;Tom Petty
American Girl [SC Karaoke];Tom Petty
Don't Do Me Like That [SC Kara;Tom Petty
Even The Losers [SC Karaoke];Tom Petty
Free Fallin' [SC Karaoke];Tom Petty
I Won't Back Down [SC Karaoke];Tom Petty
Mary Jane's Last Dance [SC Kar;Tom Petty
Refugee [SC Karaoke];Tom Petty
Runnin' Down A Dream [SC Karao;Tom Petty
Waiting [SC Karaoke];Tom Petty
Unbreak My Heart;Toni Braxton
Africa;Toto
Rosanna;Toto
Hold The Line [SC Karaoke];Toto
Hey, Soul Sister;Train
Free [SC Karaoke];Train
Meet Virginia [SC Karaoke];Train
She's On Fire [SC Karaoke];Train
Disco Inferno [SC Karaoke];Trammps
Sing;Travis
Sing [SC Karaoke];Travis
Can't Stop The Feeling;Trolls (Justin Timberlake)
Stressed Out;Twenty One Pilots
I Wanna Rock;Twisted Sister
We're Not Gonna Take It;Twisted Sister
I Wanna Rock [SC Karaoke];Twisted Sister
Price [SC Karaoke];Twisted Sister
We're Not Gonna Take It [SC Ka;Twisted Sister
Angel Of Harlem [SC Karaoke];U2
Bad [SC Karaoke];U2
Beautiful Day [SC Karaoke];U2
Desire [SC Karaoke];U2
Electrical Storm [SC Karaoke];U2
Elevation [SC Karaoke];U2
I Still Haven't Found What I'm;U2
I Will Follow [SC Karaoke];U2
Mysterious Ways [SC Karaoke];U2
New Year's Day [SC Karaoke];U2
One [SC Karaoke];U2
Pride (In The Name Of Love) [S;U2
Staring At The Sun [SC Karaoke;U2
Stay [SC Karaoke];U2
Stuck In A Moment You Cant Get;U2
Sunday Bloody Sunday [SC Karao;U2
Sweetest Thing [SC Karaoke];U2
Walk On [SC Karaoke];U2
Where The Streets Have No Name;U2
With Or Without You [SC Karaok;U2
Kingston Town;UB40
Red, Red Wine;UB40
Kingstone Town [karaoke];UB40
Red Red Wine [SC Karaoke];UB40
Can't Help Falling In Love [Ka;Ub40
Higher Ground [Karaoke];Ub40
Everything About You;Ugly Kid Joe
Cat's In The Cradle [SC Karaok;Ugly Kid Joe
Everything About You [SC Karao;Ugly Kid Joe
Neighbor [SC Karaoke];Ugly Kid Joe
Follow Me;Uncle Kracker
Follow Me [SC Karaoke];Uncle Kracker
We Are The World;USA For Africa
We Are The World [Karaoke];USA For Africa
Yeah [SC Karaoke];Usher & Ludacris & Lil Jon
(Oh) Pretty Woman;Van Halen
You Really Got Me;Van Halen
Ain't Talkin' 'bout Love [SC K;Van Halen
And The Cradle Will Rock [SC K;Van Halen
Dance The Night Away [SC Karao;Van Halen
Don't Tell Me What Love Can Do;Van Halen
Jump [SC Karaoke];Van Halen
Oh Pretty Woman [SC Karaoke];Van Halen
Panama [SC Karaoke];Van Halen
Poundcake [SC Karaoke];Van Halen
Right Now [SC Karaoke];Van Halen
Runnin' With The Devil [SC Kar;Van Halen
Unchained [SC Karaoke];Van Halen
When It's Love [SC Karaoke];Van Halen
Why Can't This Be Love [SC Kar;Van Halen
A Thousand Miles;Vanessa Carlton
A Thousand Miles [SC Karaoke];Vanessa Carlton
Ice Ice Baby [SC Karaoke];Vanilla Ice
Boom Boom;Vengaboys
We Like To Party [SC Karaoke];Vengaboys
Bitter Sweet Symphony;Verve
Lucky Man;Verve
Bitter Sweet Symphony [SC Kara;Verve
Lucky Man [SC Karaoke];Verve
Y.M.C.A.;Village People
Macho Man;Village People
YMCA [karaoke];Village People
Shut Up And Dance;Walk Moon
6th Avenue Heartache [karaoke];Wallflowers
One Headlight [Karaoke];Wallflowers
Sleepwalker [Karaoke];Wallflowers
Chasing The Sun;Wanted
Glad You Came;Wanted
It's Raining Men;Wear Girls
Can't Feel My Face;Weeknd
I Feel It Coming;Weeknd feat. Daft Punk
Buddy Holly [SC Karaoke];Weezer
Hash Pipe [SC Karaoke];Weezer
Photograph [SC Karaoke];Weezer
Say It Ain't So [SC Karaoke];Weezer
Wake Me Up Before You Go Go [S;Wham
Wake Me Up Before You Go-Go;Wham!
Promise [SC Karaoke];When In Rome
Saturday Night;Whigfield
Think Of You;Whigfield
Fell In Love With A Girl [SC K;White Stripes
Seven Nation Army [SC Karaoke];White Stripes
Here I Go Again (Radio Edit);Whitesnake
Love Ain't No Stranger;Whitesnake
Fool For Your Loving [SC Karao;Whitesnake
Give Me All Your Love [SC Kara;Whitesnake
Here I Go Again [SC Karaoke];Whitesnake
Here I Go Again;Whitesnake
Slide It In [SC Karaoke];Whitesnake
Slow An' Easy [SC Karaoke];Whitesnake
Greatest Love Of All;Whitney Houston
I Wanna Dance With Somebody (Who Loves Me);Whitney Houston
I Will Always Love You (The Bodyguard);Whitney Houston
Baba O'Riley (45 edit);Who
My Generation;Who
Who Are You;Who
Won't Get Fooled Again (Short version);Who
You Better You Bet;Who
Baba O'Reilly [SC Karaoke];Who
Behind Blue Eyes [SC Karaoke];Who
I Can't Explain [SC Karaoke];Who
My Generation [SC Karaoke];Who
Pinball Wizard [SC Karaoke];Who
Seeker [SC Karaoke];Who
Who Are You [SC Karaoke];Who
Won't Get Fooled Again [SC Kar;Who
You Better You Bet [SC Karaoke;Who
Gettin' Jiggy wit It;Will Smith
Gettin' Jiggy Wit It [Karaoke];Will Smith
Men In Black [SC Karaoke];Will Smith
Black Suits Comin' [SC Karaoke;Will Smith & Tra-Knox
Fantasy [SC Karaoke];Wind Earth & Fire
September [SC Karaoke];Wind Earth & Fire
Shining Star [SC Karaoke];Wind Earth & Fire
Miles Away [SC Karaoke];Winger
Seventeen [SC Karaoke];Winger
See You Again;Wiz Khalifa feat. Charlie Puth
Don't Go;Yazoo
Owner Of A Lonely Heart [SC Ka;Yes
Heaven Tonight [SC Karaoke];Yngwie Malmsteen
The Middle;Zedd & Maren Morris & Grey
Tomorrow People [SC Karaoke];Ziggy Marley
Gimme All Your Lovin';ZZ Top
La Grange;ZZ Top
Sharp Dressed Man;ZZ Top
Gimme All Your Lovin' [SC Kara;ZZ Top
La Grange [SC Karaoke];ZZ Top
Legs [SC Karaoke];ZZ Top
Pearl Necklace [SC Karaoke];ZZ Top
Rough Boy [SC Karaoke];ZZ Top
Sharp Dressed Man [SC Karaoke];ZZ Top
Tube Snake Boogie [SC Karaoke];ZZ Top
Tush [SC Karaoke];ZZ Top
